{
	 "__metadata__": {
		 "format": "assimp2json"
		,"version": 100
	}
	,"rootnode": {
		 "name": "EmptyRoom.obj"
		,"transformation": [
			 1
			,0
			,0
			,0
			,0
			,1
			,0
			,0
			,0
			,0
			,1
			,0
			,0
			,0
			,0
			,1
		]
		,"children": [
			{
				 "name": "Cube.004_Cube.010"
				,"transformation": [
					 1
					,0
					,0
					,0
					,0
					,1
					,0
					,0
					,0
					,0
					,1
					,0
					,0
					,0
					,0
					,1
				]
				,"meshes": [
					 0
				]
			}
		]
	}
	,"flags": 8
	,"meshes": [
		{
			 "name": ""
			,"materialindex": 0
			,"primitivetypes": 4
			,"vertices": [
				 2.19707
				,2.44958
				,1.88248
				,2.19701
				,0.000952
				,1.89991
				,2.17039
				,-0.025906
				,-1.87333
				,2.17044
				,2.42272
				,-1.89076
				,2.09969
				,2.44958
				,1.88317
				,2.07307
				,2.42273
				,-1.89007
				,2.07302
				,-0.025898
				,-1.87265
				,2.09964
				,0.000959
				,1.9006
				,2.19707
				,2.44958
				,1.88248
				,2.09969
				,2.44958
				,1.88317
				,2.09964
				,0.000959
				,1.9006
				,2.19701
				,0.000952
				,1.89991
				,2.19701
				,0.000952
				,1.89991
				,2.09964
				,0.000959
				,1.9006
				,2.07302
				,-0.025898
				,-1.87265
				,2.17039
				,-0.025906
				,-1.87333
				,2.17039
				,-0.025906
				,-1.87333
				,2.07302
				,-0.025898
				,-1.87265
				,2.07307
				,2.42273
				,-1.89007
				,2.17044
				,2.42272
				,-1.89076
				,2.09969
				,2.44958
				,1.88317
				,2.19707
				,2.44958
				,1.88248
				,2.17044
				,2.42272
				,-1.89076
				,2.07307
				,2.42273
				,-1.89007
			]
			,"normals": [
				 1
				,-0.0001
				,-0.0071
				,1
				,-0.0001
				,-0.0071
				,1
				,-0.0001
				,-0.0071
				,1
				,-0.0001
				,-0.0071
				,-1
				,0.0001
				,0.0071
				,-1
				,0.0001
				,0.0071
				,-1
				,0.0001
				,0.0071
				,-1
				,0.0001
				,0.0071
				,0.0071
				,0.0071
				,0.9999
				,0.0071
				,0.0071
				,0.9999
				,0.0071
				,0.0071
				,0.9999
				,0.0071
				,0.0071
				,0.9999
				,-0
				,-1
				,0.0071
				,-0
				,-1
				,0.0071
				,-0
				,-1
				,0.0071
				,-0
				,-1
				,0.0071
				,-0.0071
				,-0.0071
				,-0.9999
				,-0.0071
				,-0.0071
				,-0.9999
				,-0.0071
				,-0.0071
				,-0.9999
				,-0.0071
				,-0.0071
				,-0.9999
				,0
				,1
				,-0.0071
				,0
				,1
				,-0.0071
				,0
				,1
				,-0.0071
				,0
				,1
				,-0.0071
			]
			,"faces": [
				[
					 0
					,1
					,2
				]
				,[
					 0
					,2
					,3
				]
				,[
					 4
					,5
					,6
				]
				,[
					 4
					,6
					,7
				]
				,[
					 8
					,9
					,10
				]
				,[
					 8
					,10
					,11
				]
				,[
					 12
					,13
					,14
				]
				,[
					 12
					,14
					,15
				]
				,[
					 16
					,17
					,18
				]
				,[
					 16
					,18
					,19
				]
				,[
					 20
					,21
					,22
				]
				,[
					 20
					,22
					,23
				]
			]
		}
	]
	,"materials": [
		{
			 "properties": [
				{
					 "key": "?mat.name"
					,"semantic": 0
					,"index": 0
					,"type": 3
					,"value": "JoinedMaterial_#4"
				}
				,{
					 "key": "$mat.shadingm"
					,"semantic": 0
					,"index": 0
					,"type": 4
					,"value": 3
				}
				,{
					 "key": "$clr.ambient"
					,"semantic": 0
					,"index": 0
					,"type": 1
					,"value": [
						 1
						,1
						,1
					]
				}
				,{
					 "key": "$clr.diffuse"
					,"semantic": 0
					,"index": 0
					,"type": 1
					,"value": [
						 0.8
						,0.8
						,0.8
					]
				}
				,{
					 "key": "$clr.specular"
					,"semantic": 0
					,"index": 0
					,"type": 1
					,"value": [
						 0.5
						,0.5
						,0.5
					]
				}
				,{
					 "key": "$clr.emissive"
					,"semantic": 0
					,"index": 0
					,"type": 1
					,"value": [
						 0
						,0
						,0
					]
				}
				,{
					 "key": "$mat.shininess"
					,"semantic": 0
					,"index": 0
					,"type": 1
					,"value": 376.471
				}
				,{
					 "key": "$mat.opacity"
					,"semantic": 0
					,"index": 0
					,"type": 1
					,"value": 1
				}
				,{
					 "key": "$mat.refracti"
					,"semantic": 0
					,"index": 0
					,"type": 1
					,"value": 1
				}
				,{
					 "key": "$tex.file"
					,"semantic": 1
					,"index": 0
					,"type": 3
					,"value": "Wall.jpg"
				}
			]
		}
		
	]
}
